{
  "id": "4988050",
  "name": "Hetao",
  "font_family": "iconfont",
  "css_prefix_text": "icon-",
  "description": "",
  "glyphs": [
    {
      "icon_id": "4425833",
      "name": "左箭头",
      "font_class": "zuojiantou",
      "unicode": "e79b",
      "unicode_decimal": 59291
    },
    {
      "icon_id": "5353505",
      "name": "导航地址",
      "font_class": "daohangdizhi",
      "unicode": "e65e",
      "unicode_decimal": 58974
    },
    {
      "icon_id": "6014371",
      "name": "查看全部",
      "font_class": "chakanquanbu",
      "unicode": "e633",
      "unicode_decimal": 58931
    },
    {
      "icon_id": "16377212",
      "name": "导航/发送",
      "font_class": "daohang",
      "unicode": "e6fe",
      "unicode_decimal": 59134
    },
    {
      "icon_id": "36671429",
      "name": "已打卡-copy",
      "font_class": "yidaka",
      "unicode": "e681",
      "unicode_decimal": 59009
    },
    {
      "icon_id": "18170939",
      "name": "地图,图钉,标记,标点",
      "font_class": "map-thumbtack",
      "unicode": "e9f2",
      "unicode_decimal": 59890
    },
    {
      "icon_id": "42232140",
      "name": "map-pin-3-line",
      "font_class": "map-pin-3-line",
      "unicode": "e854",
      "unicode_decimal": 59476
    },
    {
      "icon_id": "18170581",
      "name": "巴士,客运,公共交通,公交",
      "font_class": "coach-full",
      "unicode": "e9da",
      "unicode_decimal": 59866
    },
    {
      "icon_id": "8334925",
      "name": "重要等级",
      "font_class": "zhongyaodengji",
      "unicode": "e61f",
      "unicode_decimal": 58911
    },
    {
      "icon_id": "28287266",
      "name": "科研机构scientific research institution",
      "font_class": "a-keyanjigouscientificresearchinstitution",
      "unicode": "e702",
      "unicode_decimal": 59138
    },
    {
      "icon_id": "34476578",
      "name": "国际化",
      "font_class": "guojihua",
      "unicode": "e6fd",
      "unicode_decimal": 59133
    },
    {
      "icon_id": "41111128",
      "name": "商家-商家",
      "font_class": "shangjia-shangjia",
      "unicode": "e625",
      "unicode_decimal": 58917
    },
    {
      "icon_id": "11372711",
      "name": "图片",
      "font_class": "tupian",
      "unicode": "e8ba",
      "unicode_decimal": 59578
    },
    {
      "icon_id": "24051714",
      "name": "02_路线",
      "font_class": "a-02_luxian",
      "unicode": "e697",
      "unicode_decimal": 59031
    },
    {
      "icon_id": "39120893",
      "name": "plus",
      "font_class": "plus",
      "unicode": "e632",
      "unicode_decimal": 58930
    }
  ]
}
